user_input,output,flag,username,timestamp
tell me the oppututnities after 12th,"After completing 12th grade, there are several opportunities available in the field of real estate investment and negotiation. Here are a few options:

1. Real Estate Agent: You can become a licensed real estate agent and work for established real estate firms or start your own brokerage. As an agent, you will help clients buy, sell, or rent properties, and earn commissions on successful transactions.

2. Property Manager: Property management involves overseeing the day-to-day operations of rental properties on behalf of landlords. This includes finding tenants, handling maintenance and repairs, and collecting rent. Many companies offer property management services, and you can also start your own venture.

3. Real Estate Developer: If you have a knack for identifying promising real estate projects and the ability to secure funding, you can become a real estate developer. Developers acquire land or existing properties, obtain necessary permits, and oversee construction or renovation to create profitable real estate assets.

4. Real Estate Analyst: As an analyst, you will evaluate real estate investments for profitability and risk. This involves conducting financial analysis, market research, and feasibility studies. Many real estate firms, investment companies, and banks employ analysts to make informed investment decisions.

5. Real Estate Consultant: With expertise in real estate investment and negotiation, you can provide consulting services to clients who need guidance in buying or selling properties, understanding market trends, or optimizing their real estate portfolios.

6. Real Estate Investment Trust (REIT) Management: REITs are investment vehicles that own, operate, or finance income-generating real estate. You can work for REITs as fund managers, asset managers, or analysts, helping to manage and grow their real estate portfolios.

To pursue these opportunities, consider acquiring relevant qualifications such as a degree in real estate, business, finance, or a related field. Additionally, gaining practical experience through internships or entry-level positions can be beneficial.

It's important to research and understand the specific requirements and regulations in your country or region as they may vary.",,,2024-02-02 16:30:24.414928
